{"cameraMode":{"drawMode":0,"name":"Shaded","section":"Shading Mode"},"sceneLighting":true,"audioPlay":false,"sceneViewState":{"m_AlwaysRefresh":false,"showFog":true,"showSkybox":true,"showFlares":true,"showImageEffects":true,"showParticleSystems":true,"showVisualEffectGraphs":true,"m_FxEnabled":true},"in2DMode":false,"pivot":{"x":-2.0467915534973146,"y":-0.20994436740875245,"z":-1.7852307558059693},"rotation":{"x":0.3418530523777008,"y":0.007048084866255522,"z":-0.0025639417581260206,"w":0.9397240281105042},"size":11.733360290527344,"orthographic":false}